,AUROC,Accuracy,F1 Score
0,0.5,0.9236902050113895,0.0
1,0.5,0.9236031927023945,0.0
2,0.5,0.9236031927023945,0.0
3,0.5342270130827345,0.9236031927023945,0.12987012987012986
4,0.6617099686751428,0.9441277080957811,0.4731182795698925
