,AUROC,Accuracy,F1 Score
0,0.7745918987062224,0.8997722095671982,0.4883720930232559
1,0.7887414777962042,0.9258836944127709,0.563758389261745
2,0.8615164916159941,0.9338654503990877,0.6419753086419754
3,0.8844112769485902,0.9635119726339795,0.7681159420289855
4,0.8877740925004606,0.9064994298745724,0.5858585858585859
