,AUROC,Accuracy,F1 Score
0,0.7708283490071223,0.9054669703872438,0.49696969696969695
1,0.7299336650082919,0.855188141391106,0.38048780487804873
2,0.7513727658006265,0.9327251995438997,0.549618320610687
3,0.808319513543394,0.8608893956670467,0.4504504504504504
4,0.7689331122166944,0.9019384264538198,0.4880952380952381
