,AUROC,Accuracy,F1 Score
0,0.5,0.9236902050113895,0.0
1,0.5,0.9236031927023945,0.0
2,0.5,0.9236031927023945,0.0
3,0.6599133959830477,0.928164196123147,0.4220183486238532
4,0.7450893679749402,0.9464082098061574,0.591304347826087
