,AUROC,Accuracy,F1 Score
0,0.772073732718894,0.8719758064516129,0.6701298701298701
1,0.7614746543778802,0.8709677419354839,0.6577540106951872
2,0.7816589861751152,0.873991935483871,0.6819338422391857
3,0.8089400921658987,0.8881048387096774,0.7231920199501247
4,0.8350230414746543,0.8770161290322581,0.7300884955752214
