,AUROC,Accuracy,F1 Score
0,0.7501382488479263,0.873991935483871,0.647887323943662
1,0.7316129032258065,0.8709677419354839,0.6213017751479291
2,0.7236866359447005,0.8689516129032258,0.6084337349397592
3,0.7744700460829494,0.8679435483870968,0.6683544303797468
4,0.7785253456221198,0.8639112903225806,0.6683046683046683
