,AUROC,Accuracy,F1 Score
0,0.8055299539170506,0.8568548387096774,0.6858407079646017
1,0.7808294930875574,0.8830645161290323,0.6914893617021276
2,0.8658064516129031,0.8991935483870968,0.7777777777777777
3,0.9126267281105991,0.9516129032258065,0.8840579710144928
4,0.9455299539170506,0.9304435483870968,0.859470468431772
