,AUROC,Accuracy,F1 Score
0,0.5,0.78125,0.0
1,0.7649769585253456,0.8790322580645161,0.6703296703296703
2,0.8071889400921659,0.875,0.7061611374407583
3,0.7966820276497696,0.8870967741935484,0.711340206185567
4,0.8581566820276496,0.9002016129032258,0.7744874715261958
