,AUROC,Accuracy,F1 Score
0,0.6741680960548886,0.6763485477178424,0.5411764705882354
1,0.7018370006250463,0.77466251298027,0.5736738703339883
2,0.7242989416588095,0.7580477673935618,0.6030664395229984
3,0.7095812189463202,0.7133956386292835,0.5818181818181818
4,0.7094752788872056,0.7289719626168224,0.5824
