,AUROC,Accuracy,F1 Score
0,0.6470642564982187,0.7375518672199171,0.486815415821501
1,0.6931075397540072,0.7653167185877466,0.5603112840466926
2,0.7414903647516237,0.7622014537902388,0.6239737274220033
3,0.7125952136281292,0.8089304257528557,0.5929203539823009
4,0.7488664413674743,0.8089304257528557,0.6447876447876448
