,AUROC,Accuracy,F1 Score
0,0.5,0.7147302904564315,0.0
1,0.5917202546799022,0.7507788161993769,0.3370165745856354
2,0.7014847499284904,0.7725856697819314,0.5730994152046783
3,0.6824049452819594,0.7767393561786086,0.5415778251599147
4,0.6818408144671744,0.8058151609553479,0.5359801488833748
