,AUROC,Accuracy,F1 Score
0,0.6677107797862515,0.7811203319502075,0.5127020785219399
1,0.6693001599694892,0.7642782969885774,0.5200845665961945
2,0.6453444641022109,0.7850467289719626,0.4595300261096606
3,0.6919024715815791,0.7808930425752856,0.5576519916142557
4,0.6501991673111354,0.7715472481827622,0.4786729857819905
