,AUROC,Accuracy,F1 Score
0,0.6491711180696261,0.814931650893796,0.24137931034482754
1,0.543304475962424,0.8454258675078864,0.14035087719298248
2,0.653103702339289,0.8222923238696109,0.2488888888888889
3,0.6070915454043102,0.879074658254469,0.23841059602649006
4,0.5984796255306797,0.8664563617245006,0.22085889570552147
