,AUROC,Accuracy,F1 Score
0,0.5653158961134647,0.8580441640378549,0.1717791411042945
1,0.6478449069810278,0.8696109358569927,0.27906976744186046
2,0.7672960029471357,0.8359621451104101,0.35000000000000003
3,0.7009578191195432,0.8832807570977917,0.3508771929824561
4,0.835725171450343,0.9032597266035752,0.5053763440860215
