,AUROC,Accuracy,F1 Score
0,0.6588570092000624,0.8369453044375645,0.3923076923076923
1,0.6240400358646498,0.8132094943240454,0.33210332103321033
2,0.683723491345704,0.7502579979360166,0.3730569948186529
3,0.5980576563230938,0.8173374613003096,0.29482071713147406
4,0.6412735849056603,0.7851239669421488,0.34177215189873417
