,AUROC,Accuracy,F1 Score
0,0.5839603149851864,0.7244582043343654,0.2644628099173554
1,0.6529705286137534,0.8142414860681114,0.3706293706293707
2,0.632294752845782,0.8276573787409701,0.35019455252918286
3,0.7321017854358334,0.7977296181630547,0.4431818181818182
4,0.7371069182389937,0.8088842975206612,0.4542772861356932
