,AUROC,Accuracy,F1 Score
0,0.5,0.8751289989680082,0.0
1,0.5,0.8751289989680082,0.0
2,0.5188971620146577,0.8710010319917441,0.08759124087591241
3,0.5,0.8751289989680082,0.0
4,0.5,0.8760330578512396,0.0
