,AUROC,Accuracy,F1 Score
0,0.6775613275613276,0.9636711281070746,0.5128205128205129
1,0.6923881673881673,0.9598470363288719,0.5116279069767441
2,0.7301226551226552,0.9674952198852772,0.6046511627906976
3,0.7346923536439665,0.9617590822179732,0.5652173913043478
4,0.7191980286738351,0.9655831739961759,0.5714285714285714
