,AUROC,Accuracy,F1 Score
0,0.7469696969696968,0.9674952198852772,0.6222222222222222
1,0.6765512265512266,0.9617590822179732,0.5
2,0.6913780663780664,0.9579349904397706,0.5
3,0.7181899641577061,0.9636711281070746,0.5581395348837209
4,0.7552270011947432,0.9674952198852772,0.6222222222222222
