,AUROC,Accuracy,F1 Score
0,0.7092352092352092,0.9598470363288719,0.5333333333333333
1,0.747979797979798,0.9694072657743786,0.6363636363636364
2,0.8440115440115441,0.9598470363288719,0.6557377049180327
3,0.7747535842293907,0.97131931166348,0.6666666666666667
4,0.71415770609319,0.9560229445506692,0.5106382978723405
