,AUROC,Accuracy,F1 Score
0,0.6566738816738815,0.9560229445506692,0.4390243902439025
1,0.7281024531024531,0.9636711281070746,0.5777777777777777
2,0.7072150072150073,0.9560229445506692,0.5106382978723404
3,0.7202060931899642,0.9674952198852772,0.5853658536585367
4,0.7757616487455198,0.9732313575525813,0.6818181818181819
