,AUROC,Accuracy,F1 Score
0,0.8030834167978251,0.929701230228471,0.7297297297297297
1,0.7508823389135308,0.9050966608084359,0.6301369863013698
2,0.7284542376114848,0.8910369068541301,0.581081081081081
3,0.7457027300303337,0.8927943760984183,0.6013071895424836
4,0.7639197143684261,0.9154929577464789,0.6619718309859154
