,AUROC,Accuracy,F1 Score
0,0.7661324939190156,0.8910369068541301,0.6219512195121951
1,0.7513592788667907,0.9138840070298769,0.6474820143884893
2,0.7372299327514666,0.9138840070298769,0.631578947368421
3,0.799063508113053,0.9103690685413005,0.6832298136645963
4,0.8044243944803627,0.903169014084507,0.6745562130177515
