,AUROC,Accuracy,F1 Score
0,0.7947846616111031,0.9156414762741653,0.6923076923076923
1,0.7268564887680642,0.8963093145869947,0.5874125874125874
2,0.757750274240473,0.8927943760984183,0.6163522012578615
3,0.8223193220665415,0.9173989455184535,0.7151515151515152
4,0.7938338319019589,0.9014084507042254,0.6626506024096386
