,AUROC,Accuracy,F1 Score
0,0.7550317165068918,0.9121265377855887,0.6478873239436619
1,0.758227214193733,0.9015817223198594,0.631578947368421
2,0.8058019745314065,0.9103690685413005,0.6909090909090909
3,0.7581250902787808,0.9138840070298769,0.652482269503546
4,0.722811927048152,0.8943661971830986,0.5774647887323943
