,AUROC,Accuracy,F1 Score
0,0.6843692630474691,0.8903107861060329,0.5161290322580646
1,0.6926304746918437,0.870201096892139,0.5034965034965034
2,0.7690270128507736,0.8976234003656307,0.6315789473684211
3,0.7030291109362706,0.8793418647166362,0.5285714285714286
4,0.6730784547988848,0.8772893772893773,0.48062015503875966
