,AUROC,Accuracy,F1 Score
0,0.6277078415945451,0.8537477148080439,0.3846153846153847
1,0.7292158405455023,0.8811700182815356,0.563758389261745
2,0.7231182795698925,0.8793418647166362,0.5540540540540541
3,0.6797141358510359,0.8738574040219378,0.4888888888888889
4,0.7686180804460374,0.9010989010989011,0.6351351351351352
