,AUROC,Accuracy,F1 Score
0,0.6958562811434565,0.8756855575868373,0.5142857142857142
1,0.7059008654602674,0.8756855575868373,0.5277777777777778
2,0.7496590611067401,0.8903107861060329,0.6000000000000001
3,0.742840283241542,0.8957952468007313,0.6013986013986014
4,0.6939864595778574,0.8608058608058609,0.4933333333333334
