,AUROC,Accuracy,F1 Score
0,0.7191712562286914,0.8811700182815356,0.5517241379310345
1,0.6076055599265671,0.8793418647166362,0.3529411764705882
2,0.6908339889850511,0.8756855575868373,0.5072463768115942
3,0.7381851560451088,0.8793418647166362,0.5714285714285715
4,0.7627240143369175,0.9084249084249084,0.6428571428571428
