,AUROC,Accuracy,F1 Score
0,0.6991055456171735,0.9929078014184397,0.5
1,0.6,0.9929078014184397,0.33333333333333337
2,0.6991055456171735,0.9929078014184397,0.5
3,0.6241055456171736,0.9928952042628775,0.3333333333333333
4,0.5,0.9911190053285968,0.0
