,AUROC,Accuracy,F1 Score
0,0.5,0.9911347517730497,0.0
1,0.49821109123434704,0.9875886524822695,0.0
2,0.4991055456171735,0.9893617021276596,0.0
3,0.625,0.9946714031971581,0.4
4,0.5991039426523297,0.9911190053285968,0.28571428571428575
