,AUROC,Accuracy,F1 Score
0,0.4991055456171735,0.9893617021276596,0.0
1,0.6991055456171735,0.9929078014184397,0.5
2,0.5,0.9911347517730497,0.0
3,0.5,0.9928952042628775,0.0
4,0.49910394265232977,0.9893428063943162,0.0
