,AUROC,Accuracy,F1 Score
0,0.5,0.8892794376098418,0.0
1,0.5,0.8892794376098418,0.0
2,0.5,0.8875219683655536,0.0
3,0.5,0.8875219683655536,0.0
4,0.5,0.8890845070422535,0.0
