,AUROC,Accuracy,F1 Score
0,0.70344751866491,0.9050966608084359,0.5090909090909091
1,0.7530428508689377,0.9191564147627417,0.5964912280701754
2,0.7117110148514851,0.9121265377855887,0.537037037037037
3,0.7165532178217822,0.9086115992970123,0.5357142857142857
4,0.6686782964010687,0.9049295774647887,0.46
