,AUROC,Accuracy,F1 Score
0,0.7292646966560009,0.9015817223198594,0.5333333333333333
1,0.7302528389484911,0.9033391915641477,0.5378151260504201
2,0.7125928217821782,0.9015817223198594,0.5172413793103449
3,0.6716584158415841,0.9015817223198594,0.4615384615384615
4,0.7153072450102153,0.9137323943661971,0.5420560747663551
