,AUROC,Accuracy,F1 Score
0,0.6895507873768743,0.9050966608084359,0.49056603773584895
1,0.6498368780977477,0.9086115992970123,0.43478260869565216
2,0.6843131188118812,0.8998242530755711,0.4770642201834862
3,0.681559405940594,0.9191564147627417,0.5106382978723405
4,0.7162973440201162,0.9154929577464789,0.5471698113207547
