,AUROC,Accuracy,F1 Score
0,0.7788831092657478,0.8920765027322405,0.6183574879227053
1,0.7820944901366644,0.8905608755129959,0.6190476190476191
2,0.8683677570960361,0.9411764705882353,0.7860696517412936
3,0.9556690990043906,0.9726402188782489,0.9056603773584906
4,0.9838445365159854,0.9931600547195623,0.975609756097561
