,AUROC,Accuracy,F1 Score
0,0.7179063701051137,0.8989071038251366,0.5647058823529411
1,0.7327546224723269,0.8755129958960328,0.5472636815920398
2,0.6724460453898954,0.8974008207934336,0.49664429530201337
3,0.70809628347041,0.9028727770177839,0.5590062111801242
4,0.6935331766742935,0.8987688098495212,0.5316455696202531
