,AUROC,Accuracy,F1 Score
0,0.6494435612082672,0.9058355437665783,0.33644859813084116
1,0.7688536953242836,0.8911022576361222,0.4383561643835617
2,0.716230936819172,0.9455511288180611,0.5287356321839081
3,0.897908961593172,0.9654714475431607,0.7592592592592593
4,0.9078662873399715,0.9840637450199203,0.8723404255319149
