,AUROC,Accuracy,F1 Score
0,0.8440513022444732,0.9010554089709762,0.7440273037542663
1,0.8179107835967824,0.8970976253298153,0.7194244604316546
2,0.8211002981380436,0.8852242744063324,0.7050847457627117
3,0.8209540417393261,0.8509234828496042,0.6646884272997033
4,0.8293267078520906,0.8759894459102903,0.7006369426751592
