,AUROC,Accuracy,F1 Score
0,0.7774202621364684,0.899736147757256,0.6885245901639345
1,0.82469483039883,0.920844327176781,0.7637795275590551
2,0.8270686842549361,0.9076517150395779,0.7426470588235294
3,0.8313326208021601,0.9102902374670184,0.7499999999999999
4,0.8423986032769272,0.8970976253298153,0.738255033557047
