,AUROC,Accuracy,F1 Score
0,0.6061327561327561,0.9560229445506692,0.34285714285714286
1,0.6347763347763347,0.9464627151051626,0.36363636363636365
2,0.5832251082251083,0.9445506692160612,0.25641025641025644
3,0.756608422939068,0.9369024856596558,0.4761904761904762
4,0.6656586021505376,0.9636711281070746,0.48648648648648646
