,AUROC,Accuracy,F1 Score
0,0.7756132756132755,0.9579349904397706,0.5925925925925927
1,0.9225108225108226,0.9808795411089866,0.8275862068965518
2,0.9275613275613276,0.9904397705544933,0.9056603773584904
3,0.9414202508960573,0.988527724665392,0.8888888888888888
4,0.9599387694145759,0.9904397705544933,0.9090909090909091
