,AUROC,Accuracy,F1 Score
0,0.6922902656555541,0.9015817223198594,0.5483870967741936
1,0.7220632422378023,0.9121265377855887,0.609375
2,0.7064196117708781,0.9015817223198594,0.5692307692307692
3,0.7468944099378881,0.9191564147627417,0.6515151515151515
4,0.7591431052783942,0.9154929577464789,0.6571428571428571
