,AUROC,Accuracy,F1 Score
0,0.7726069537845185,0.8541300527240774,0.5786802030456852
1,0.7745981780893785,0.8734622144112478,0.6043956043956045
2,0.8382100443554156,0.9173989455184535,0.7283236994219654
3,0.8098969618180942,0.8963093145869947,0.6666666666666667
4,0.8505259094856702,0.9084507042253521,0.7173913043478259
