,AUROC,Accuracy,F1 Score
0,0.6420535011801731,0.8610603290676416,0.41538461538461535
1,0.5961316548649358,0.8683729433272395,0.32075471698113206
2,0.5,0.850091407678245,0.0
3,0.5466299501704696,0.8610603290676416,0.1739130434782609
4,0.5311031461569096,0.8351648351648352,0.1509433962264151
