,AUROC,Accuracy,F1 Score
0,0.6783503802779964,0.7349177330895795,0.40329218106995884
1,0.7568581169682664,0.8427787934186471,0.5473684210526316
2,0.8396931549960662,0.906764168190128,0.7052023121387282
3,0.9207579333857855,0.9250457038391224,0.7853403141361256
4,0.8937076861808044,0.9578754578754579,0.8496732026143791
