,AUROC,Accuracy,F1 Score
0,0.6973166368515205,0.9893617021276596,0.4000000000000001
1,0.5,0.9911347517730497,0.0
2,0.596422182468694,0.9858156028368794,0.20000000000000004
3,0.873211091234347,0.9946714031971581,0.6666666666666665
4,0.7991039426523298,0.9946714031971581,0.6666666666666665
