,AUROC,Accuracy,F1 Score
0,0.5,0.8892794376098418,0.0
1,0.5,0.8892794376098418,0.0
2,0.5,0.8875219683655536,0.0
3,0.607394801980198,0.9086115992970123,0.35
4,0.6865315102938865,0.9119718309859155,0.5
