,AUROC,Accuracy,F1 Score
0,0.6651295564339043,0.7504393673110721,0.330188679245283
1,0.7650260367651672,0.8910369068541301,0.5507246376811594
2,0.7926980198019802,0.9226713532513181,0.6451612903225806
3,0.8714882425742575,0.9050966608084359,0.6625
4,0.9335533553355334,0.9683098591549296,0.8615384615384615
